列,合约名称,卡方统计量,把握,样本数,连续增加的概率,先增加后
减少的概率,先减少后增加的概率,连续减少的概率
2,SP500,0.12601078613703862,0,13301,25.51687843019322,24.47184422223893,25.68227952785505,24.328997819712804
3,NASDAQ.AAL,9.826308069266396,99.5,11023,24.41259185339744,25.72802322416765,25.76431098611993,24.09507393631498
4,NASDAQ.AAPL,8.74964888535535,99.5,12666,25.509237328280438,25.682930680562134,25.603979156797724,23.203852834359704
5,NASDAQ.ADBE,36.798105676839754,99.9,11697,24.18568863811234,26.776096434983327,26.023766777806273,23.01444814909806
6,NASDAQ.ADI,6.777970773626529,99.0,11270,24.676131322094054,25.59893522626442,25.625554569653946,24.099378881987576
7,NASDAQ.ADP,19.7332952169789,99.9,10789,24.487904347020113,26.554824358142554,25.581610899990732,23.375660394846605
8,NASDAQ.ADSK,18.966686548061602,99.9,11607,24.399069527009562,26.380632377013868,25.639700180925303,23.580597915051264
9,NASDAQ.AKAM,12.349270617765855,99.9,9958,23.930508134163485,26.50130548302872,25.266117694316126,24.302068688491666
10,NASDAQ.ALXN,34.63991593405726,99.9,11889,24.232483808562534,26.8062915299857,25.889477668433003,23.071746993018756
11,NASDAQ.AMAT,7.105011277879012,99.0,11027,24.975061213385327,26.054230525074818,25.210846105014962,23.759862156524893
12,NASDAQ.AMD,50.70355795302629,99.9,10770,23.611884865366758,27.335190343546888,26.100278551532035,22.952646239554316
13,NASDAQ.AMGN,10.258071289795197,99.5,12328,24.878325762491887,25.91661258922777,25.519143413367946,23.685918234912396
14,NASDAQ.AMZN,27.22494504676447,99.9,13509,24.420756532681917,25.92345843511733,26.31578947368421,23.339995558516545
15,NASDAQ.ATVI,3.505672488753993,90.0,11153,25.464000717295793,25.9033443916435,24.97085985833408,23.66179503272662
16,NASDAQ.AVGO,14.649660474264682,99.9,12739,24.69581599811602,25.512206609623988,26.17944893633723,23.612528455922757
17,NASDAQ.BBBY,4.301442312808066,95.0,7742,23.52105399121674,25.729785585120123,25.432704727460603,25.31645569620253
18,NASDAQ.BIIB,54.63997770104417,99.9,11859,23.3409225061135,26.789779913989374,26.60426680158529,23.26503077831183
19,NASDAQ.CA,58.14202548952438,99.9,8037,23.416697772800795,27.510265024262786,26.738832897847452,22.334204305088964
20,NASDAQ.CBOE,14.005427356538465,99.9,8829,24.861252689998867,26.027862725110428,25.948578547966928,23.162306036923773
21,NASDAQ.CELG,9.788618134720755,99.5,12246,24.96325330720235,25.739016821819373,25.665523436224074,23.632206434754206
22,NASDAQ.CERN,10.415417271344019,99.5,9804,24.8266013871889,25.65279477764178,25.968992248062015,23.551611587107306
23,NASDAQ.CHRW,10.631428295526497,99.5,9268,23.53258523953388,26.51057401812689,25.183426845058264,24.773413897280967
24,NASDAQ.CHTR,50.818374925565834,99.9,10832,22.98744460856721,27.05871491875923,26.36632200886263,23.58751846381093
25,NASDAQ.CINF,5.856527355067028,97.5,6718,24.307829711223576,24.94790116105984,26.540637094373327,24.203632033343254
26,NASDAQ.CMCSA,83.60394111397038,99.9,10083,22.95943667559258,27.82901914112863,26.728156302687694,22.483387880591092
27,NASDAQ.CME,25.922129278754444,99.9,10638,23.923669862756157,27.100958826847148,25.380710659898476,23.594660650498213
28,NASDAQ.COST,17.965597762831496,99.9,12049,24.26757407253714,25.919163416051124,26.010457299360944,23.802805212050792
29,NASDAQ.CSCO,77.15567499125852,99.9,9711,23.375553496035423,27.741736175471114,26.71197610956647,22.17073421892699
30,NASDAQ.CSX,14.144284712473077,99.9,10907,24.470523517007425,26.350050426331713,25.45154487943522,23.727881177225633
31,NASDAQ.CTAS,6.6172487934997966,97.5,7091,24.072768297842334,26.17402340995628,25.356085178395148,24.39712311380623
32,NASDAQ.CTSH,18.61353448250621,99.9,9877,24.298876176976812,25.615065303229727,26.556646755087577,23.52941176470588
33,NASDAQ.CTXS,19.3177996474111,99.9,9754,23.744104982571255,26.143120770965755,26.081607545622308,24.031166700840682
34,NASDAQ.DISCA,48.17182383216617,99.9,8716,23.23313446535108,26.720972923359337,26.996328591096834,23.049564020192747
35,NASDAQ.DISCK,26.230146370814694,99.9,7733,23.380318117160222,27.427906375274798,25.501099185309712,23.690676322255268
36,NASDAQ.DISH,27.503561026188297,99.9,10321,23.069470012595676,26.22807867454704,26.344346478054455,24.35810483480283
37,NASDAQ.DLTR,18.40242139476037,99.9,11240,23.701067615658364,26.619217081850532,25.409252669039144,24.27046263345196
38,NASDAQ.EA,20.071851939077792,99.9,11487,24.201271002002265,26.55175415687299,25.541916949595194,23.705057891529556
39,NASDAQ.EBAY,28.199584381625584,99.9,9368,23.644321093082834,26.291631084543127,26.451750640478224,23.612297181895816
40,NASDAQ.EQIX,26.10002316216653,99.9,7284,23.736957715540914,26.263042284459086,26.72981878088962,23.270181219110377
41,NASDAQ.ESRX,24.22954020754402,99.9,10504,23.391089108910894,26.951637471439447,25.456968773800458,24.2003046458492
42,NASDAQ.ETFC,37.27973528918811,99.9,9256,23.638720829732065,26.112791702679345,27.063526361279173,23.18496110630942
43,NASDAQ.EXPD,47.213007644098134,99.9,8278,23.314810340661996,27.458323266489494,26.322783280985746,22.904083111862768
44,NASDAQ.EXPE,25.99556049368123,99.9,11450,24.445414847161572,26.471615720524017,25.903930131004365,23.179039301310045
45,NASDAQ.FAST,25.37069093717781,99.9,10307,23.4694867565732,26.244299990297854,26.234597846123993,24.05161540700495
46,NASDAQ.FB,7.240174733873942,99.0,12572,25.532930321349028,25.98631880369074,25.190900413617562,23.289850461342667
47,NASDAQ.FFIV,26.87459059969996,99.9,9000,23.58888888888889,26.611111111111114,26.122222222222224,23.677777777777777
48,NASDAQ.FISV,7.866973964071581,99.0,8954,24.26848335939245,26.155907974089793,25.329461693098054,24.246146973419698
49,NASDAQ.FITB,28.487967637043333,99.9,9077,23.465902831331938,26.804010135507326,25.999779662884215,23.730307370276524
50,NASDAQ.FLIR,63.62022653397548,99.9,6792,23.027090694935218,28.136042402826856,26.70789163722026,22.128975265017665
51,NASDAQ.FOX,47.89235846751374,99.9,7922,22.30497349154254,26.912395859631406,26.96288815955567,23.819742489270386
52,NASDAQ.FOXA,83.79856636237525,99.9,9087,21.95444040937603,27.269725982172332,27.522834818972157,23.252998789479477
53,NASDAQ.GILD,13.006122763884974,99.9,11570,23.993085566119273,26.05877268798617,25.617977528089884,24.33016421780467
54,NASDAQ.GOOG,65.33588510767004,99.9,12683,23.842939367657497,27.225419853347,26.358117164708666,22.57352361428684
55,NASDAQ.GOOGL,52.482019318790044,99.9,12911,23.60777631477035,26.705909689412128,26.4812950197506,23.205018976066917
56,NASDAQ.GRMN,3.6028623119571574,90.0,8038,24.197561582483203,25.678029360537447,25.37944762378701,24.744961433192337
57,NASDAQ.GT,27.494140027829474,99.9,9208,23.555603822762816,27.28062554300608,25.466985230234577,23.696785403996525
58,NASDAQ.HAS,1.2598463032452802,60.0,9600,24.552083333333332,25.46875,25.104166666666668,24.875
59,NASDAQ.HBAN,233.09355515125063,99.9,7490,20.226969292389853,30.093457943925234,28.731642189586115,20.947930574098798
60,NASDAQ.HOLX,57.135236454078054,99.9,8674,22.93059718699562,26.94258704173392,27.11551763892091,23.011298132349552
61,NASDAQ.HSIC,22.582186703080517,99.9,6574,23.54730757529662,25.93550349863097,27.000304228780042,23.516884697292365
62,NASDAQ.IDXX,25.08465043307836,99.9,8676,24.031811894882434,26.348547717842326,26.33702166897188,23.282618718303365
63,NASDAQ.ILMN,39.053874833156115,99.9,10224,23.503521126760564,26.721439749608766,26.369327073552423,23.405712050078247
64,NASDAQ.INCY,52.72033938634794,99.9,11801,23.29463604779256,26.904499618676383,26.43843742055758,23.362426912973476
65,NASDAQ.INFO,33.72502914108449,99.9,4989,23.75225496091401,26.718781318901584,27.38023652034476,22.148727199839648
66,NASDAQ.INTC,59.416284417989374,99.9,10237,23.444368467324413,27.56666992282895,26.247924196541955,22.741037413304678
67,NASDAQ.INTU,38.692637591848424,99.9,10595,24.039641340254835,26.644643699858424,26.37092968381312,22.94478527607362
68,NASDAQ.ISRG,37.97767823561663,99.9,6146,22.827855515782623,27.62772534982102,26.30979498861048,23.234624145785876
69,NASDAQ.JBHT,19.379604426876423,99.9,9484,24.01940109658372,26.750316322226908,25.516659637283844,23.713622943905523
70,NASDAQ.KHC,15.302282274945298,99.9,10836,23.809523809523807,25.43373938722776,26.448874123292725,24.3078626799557
71,NASDAQ.KLAC,25.407574468352102,99.9,10598,24.230986978675222,26.231364408378937,26.212492923193054,23.325155689752783
72,NASDAQ.LKQ,47.37598519061991,99.9,7874,23.19024638049276,27.60985521971044,26.276352552705106,22.923545847091695
73,NASDAQ.LRCX,28.092128928613597,99.9,12357,24.512422108926117,26.462733673221656,25.91243829408432,23.112405923767902
74,NASDAQ.MAR,15.237853190557809,99.9,11020,24.26497277676951,26.234119782214155,25.62613430127042,23.874773139745916
75,NASDAQ.MAT,100.88918499603125,99.9,8794,21.264498521719354,28.07596088241983,27.25722083238572,23.402319763475095
76,NASDAQ.MCHP,14.349824926866319,99.9,11152,24.21090387374462,25.959469153515062,25.833931133428983,23.995695839311335
77,NASDAQ.MDLZ,64.03433725599326,99.9,9801,22.44668911335578,27.048260381593714,26.98704213855729,23.518008366493216
78,NASDAQ.MNST,23.22565944113074,99.9,9441,23.599195000529605,26.723863997457897,25.759983052642728,23.91695794936977
79,NASDAQ.MSFT,56.604805527402924,99.9,11354,24.511185485291527,26.660207856262108,26.836357230931828,21.992249427514533
80,NASDAQ.MU,28.156113081192565,99.9,11138,23.71161788471898,26.234512479798887,26.279403842700667,23.77446579278147
81,NASDAQ.MYL,25.78414662079081,99.9,10420,23.464491362763916,26.343570057581573,26.142034548944338,24.049904030710174
82,NASDAQ.NAVI,63.721751321485165,99.9,7240,22.099447513812155,28.162983425414367,26.533149171270722,23.204419889502763
83,NASDAQ.NDAQ,6.908977707598368,99.0,7518,24.261771747805266,25.937749401436548,25.578611332801277,24.221867517956902
84,NASDAQ.NFLX,15.451020751121455,99.9,12878,24.28948594502252,25.757105140549776,25.974530206553816,23.978878707873893
85,NASDAQ.NTAP,28.1665547821621,99.9,9681,23.282718727404195,26.96002479082739,25.7411424439624,24.01611403780601
86,NASDAQ.NTRS,9.699918566610442,99.5,9948,23.70325693606755,26.125854443104142,25.432247687977483,24.738640932850824
87,NASDAQ.NVDA,14.703179656642021,99.9,13117,24.85324388198521,26.11115346496912,25.554623770679267,23.480978882366394
88,NASDAQ.NWS,606.5260102723627,99.9,1535,9.185667752442997,40.0,41.43322475570032,9.381107491856678
89,NASDAQ.NWSA,428.5045433635354,99.9,5183,17.460929963341695,33.031063090874014,31.352498552961606,18.15550839282269
90,NASDAQ.ORLY,46.96696337406238,99.9,11821,23.73741646222824,26.283732340749516,26.867439302935452,23.111411894086796
91,NASDAQ.PAYX,15.361758474607546,99.9,9689,24.182062132314996,26.597172050779232,25.399938074104654,23.820827742801114
92,NASDAQ.PBCT,166.8158560033407,99.9,7206,20.31640299750208,29.1007493755204,28.49014709963919,22.09270052733833
93,NASDAQ.PCAR,28.9984707206388,99.9,10050,23.621890547263682,26.139303482587067,26.547263681592035,23.691542288557212
94,NASDAQ.PCLN,46.87100487738282,99.9,8346,24.119338605319914,26.935058710759645,26.791277258566975,22.154325425353463
95,NASDAQ.PDCO,34.262108848353186,99.9,7181,22.573457735691406,26.29160284082997,27.154992340899597,23.979947082579027
96,NASDAQ.PYPL,18.94782545824599,99.9,10938,24.812579996343022,26.083379045529348,25.98281221429877,23.121228743828855
97,NASDAQ.QCOM,13.699918346857022,99.9,11247,23.730772650484575,26.398150617942562,25.34898195074242,24.522094780830443
98,NASDAQ.QRVO,29.927919963034107,99.9,10486,24.37535761968339,26.339881747091358,26.3208086973107,22.963951935914555
99,NASDAQ.REGN,35.83396546009034,99.9,10616,24.001507159005275,26.639035418236624,26.26224566691786,23.09721175584024
100,NASDAQ.ROST,3.07140922051057,90.0,10566,23.660798788567103,26.017414347908385,24.824910088964604,25.496876774559908
101,NASDAQ.SBUX,21.88071573890957,99.9,10886,23.984934778614733,26.12529854859453,26.116112437993756,23.773654234796986
102,NASDAQ.SNI,75.72671723150485,99.9,9799,22.451270537809982,27.370139810184714,27.02316562914583,23.155424022859474
103,NASDAQ.SNPS,22.19292573730807,99.9,8582,24.09694709857842,26.415753903518997,26.124446515963644,23.36285248193894
104,NASDAQ.SPLS,902.487070662847,99.9,5334,14.529433820772402,35.48931383577053,35.076865391826026,14.904386951631047
105,NASDAQ.SRCL,14.019219929339657,99.9,7815,23.902751119641717,26.103646833013432,26.014075495841332,23.97952655150352
106,NASDAQ.STX,17.156009059669056,99.9,10821,24.129008409573977,26.21753996857961,25.773958044543015,23.879493577303393
107,NASDAQ.SWKS,41.92993816232727,99.9,11689,23.97981007785097,26.4094447771409,26.580545812302166,23.030199332705966
108,NASDAQ.SYMC,53.735797743329215,99.9,8937,23.34116593935325,27.783372496363434,26.10495692066689,22.770504643616427
109,NASDAQ.TRIP,27.292834662697224,99.9,10318,23.94843962008141,26.923822446210504,25.65419654971894,23.473541383989144
110,NASDAQ.TROW,21.770160749345425,99.9,9860,24.391480730223122,26.156186612576064,26.18661257606491,23.265720081135903
111,NASDAQ.TSCO,1.3383661329143517,75.0,11167,24.51867108444524,25.736545177755886,24.814184651204442,24.93059908659443
112,NASDAQ.TXN,5.687456839572714,97.5,11167,24.984328826005196,25.84400465657741,25.279842392764394,23.891824124652995
113,NASDAQ.ULTA,34.75991642676187,99.9,10147,23.080713511382676,26.510298610426723,26.411747314477186,23.99724056371341
114,NASDAQ.VIAB,18.91990816192726,99.9,10178,22.35213204951857,26.036549420318334,26.066024759284733,25.545293770878363
115,NASDAQ.VRSK,17.19910707520612,99.9,7945,23.373190685966016,26.305852737570802,26.016362492133418,24.304594084329768
116,NASDAQ.VRSN,30.471263858865687,99.9,8683,24.49614188644478,26.327306230565473,26.615225152597027,22.56132673039272
117,NASDAQ.VRTX,32.90125082159974,99.9,11813,24.39685092694489,26.453906712943365,26.17455345805468,22.974688902057057
118,NASDAQ.WBA,8.515309394288991,99.5,10749,24.89533910131175,25.620987998883614,25.779142245790304,23.704530654014327
119,NASDAQ.WDC,14.55131032943424,99.9,12291,24.16402245545521,26.00276625172891,25.718005044341385,24.115206248474493
120,NASDAQ.WFM,311.95775738461316,99.9,7962,20.120572720422008,29.891986937955288,30.005023863350917,19.98241647827179
121,NASDAQ.WLTW,23.272227214035052,99.9,8619,24.411184592180067,26.836059867734075,25.75704838148277,22.99570715860309
122,NASDAQ.WYNN,35.62084424889929,99.9,11815,23.512484130342784,26.644096487515867,26.10241218789674,23.741007194244602
123,NASDAQ.XLNX,14.879053777250533,99.9,10458,24.39280933256837,25.87492828456684,26.008797093134444,23.72346528973035
124,NASDAQ.XRAY,7.914960517978721,99.5,8477,24.10050725492509,25.870001179662616,25.657661908694113,24.371829656718177
125,NASDAQ.ZION,12.97008710490643,99.9,10012,24.540551338393925,26.23851378345985,25.55932880543348,23.661606072712747
126,NYSE.A,11.968434745648842,99.9,9041,24.05707333259595,26.036942816060172,25.78254617852008,24.1234376728238
127,NYSE.AAP,43.204809543517044,99.9,10970,23.81039197812215,26.800364630811302,26.33546034639927,23.053783044667277
128,NYSE.ABBV,16.22505052676925,99.9,11161,24.549771525848936,26.332765881193442,25.57118537765433,23.546277215303288
129,NYSE.ABC,18.563083286480943,99.9,10253,23.251731200624207,26.499561104067105,25.621769238271725,24.626938457036964
130,NYSE.ABT,44.062495295835255,99.9,9828,23.483923483923483,26.56695156695157,26.780626780626783,23.168498168498168
131,NYSE.ACN,9.149090638773623,99.5,10936,25.009144111192395,25.841258229700077,25.594367227505487,23.555230431602048
132,NYSE.ADM,8.545915417566292,99.5,9511,23.99327094942698,25.959415413731467,25.538849752917674,24.508463883923877
133,NYSE.ADS,20.4339523545958,99.9,8391,24.359432725539268,26.445000595876532,26.01596949112144,23.179597187462758
134,NYSE.AEE,48.219951198825974,99.9,8434,22.930993597344084,26.53545174294522,27.246857955892818,23.28669670381788
135,NYSE.AEP,22.562514848978235,99.9,9741,23.59100708346166,25.890565650343905,26.51678472436095,24.001642541833487
136,NYSE.AES,546.527677095659,99.9,5843,17.38832791374294,33.76690056477837,31.54201608762622,17.302755433852475
137,NYSE.AET,38.49281073158994,99.9,11438,24.121349886343765,26.52561636649764,26.36824619688757,22.984787550271026
138,NYSE.AFL,25.218371979138755,99.9,9334,24.2875508892222,26.515963145489607,26.07670880651382,23.119777158774372
139,NYSE.AGN,26.241803550246516,99.9,12332,23.394421018488483,26.354200454103143,25.948751216347716,24.302627311060654
140,NYSE.AIG,5.952720456355582,97.5,10094,23.7963146423618,25.90647909649297,25.30215969883099,24.995046562314247
141,NYSE.AIV,139.63714182194943,99.9,7723,21.80499805774958,27.87776770684967,28.848892917260134,21.46834131814062
142,NYSE.AIZ,18.754299983995907,99.9,5876,23.655547991831178,25.45949625595643,27.382573179033354,23.502382573179034
143,NYSE.AJG,27.451243950858522,99.9,7028,23.392145702902674,27.10586226522482,26.024473534433696,23.477518497438815
144,NYSE.ALB,29.387395993184604,99.9,10468,23.586167367214365,26.920137562094,25.735575085976308,23.75811998471532
145,NYSE.ALK,27.198561736724166,99.9,11161,23.08036914254995,26.959949825284475,25.50846698324523,24.45121404892035
146,NYSE.ALL,26.266557902545628,99.9,9530,23.693599160545645,26.99895068205666,25.63483735571878,23.67261280167891
147,NYSE.ALLE,21.510404104800866,99.9,7213,24.27561347566893,26.715652294468324,26.0085955912935,23.00013863856925
148,NYSE.AME,33.85294285992483,99.9,8075,23.55417956656347,27.492260061919506,25.758513931888544,23.195046439628484
149,NYSE.AMG,19.333025247011076,99.9,6601,24.041811846689896,26.632328435085594,26.07180730192395,23.25405241630056
150,NYSE.AMP,21.672463911504682,99.9,10493,23.26312779948537,26.789288096826457,25.483655770513675,24.463928333174497
151,NYSE.AMT,45.07903386505608,99.9,11194,24.40593174915133,25.844202251206006,27.318206181883152,22.431659817759513
152,NYSE.AN,10.741885501036704,99.5,8278,23.77385841990819,26.129499879197876,25.670451799951678,24.42618990094226
153,NYSE.ANTM,43.78214367021542,99.9,11049,24.165082812924247,26.599692279844326,26.536338130147524,22.6988867770839
154,NYSE.AON,24.170953422594803,99.9,9274,24.261375889583782,26.967867155488463,25.587664438214365,23.18309251671339
155,NYSE.APA,20.17358125441955,99.9,11364,23.530447025695178,26.126363956353398,25.976768743400214,24.366420274551214
156,NYSE.APC,3.406989721934916,90.0,11231,23.363903481435315,25.242632000712312,25.598789065978096,25.794675451874276
157,NYSE.APD,52.067474556659555,99.9,9994,24.124474684810888,27.06623974384631,26.5259155493296,22.28337002201321
158,NYSE.APH,30.156084972278137,99.9,8300,24.313253012048193,26.602409638554214,26.397590361445783,22.686746987951807
159,NYSE.ARE,21.73485948925207,99.9,7510,24.22103861517976,25.752330226364844,26.937416777629824,23.089214380825567
160,NYSE.ARNC,9.425129221331844,99.5,9308,23.345509239363988,25.354533734422002,26.224752900730554,25.075204125483452
161,NYSE.AVB,53.37403892342123,99.9,8619,23.622229957071585,27.04490080055691,26.882468963916928,22.450400278454577
162,NYSE.AVY,13.922275602025664,99.9,7373,24.237081242370813,25.51200325512003,26.664858266648583,23.586057235860572
163,NYSE.AWK,30.639170079571915,99.9,8885,23.308947664603263,27.124366910523356,25.81879572312887,23.747889701744512
164,NYSE.AXP,1.648442164878012,75.0,10674,25.519955030916247,25.566797826494287,25.042158516020237,23.871088626569232
165,NYSE.AYI,13.696916354878178,99.9,8373,23.93407380867073,26.34659023050281,25.67777379672758,24.041562164098888
166,NYSE.AZO,26.49006489485282,99.9,7918,23.3771154331902,26.24400101035615,26.648143470573377,23.73074008588027
167,NYSE.BA,18.68248212514674,99.9,12244,24.477295001633454,26.380267886311664,25.57170859196341,23.570728520091475
168,NYSE.BAC,81.8972944041915,99.9,10191,22.353056618585025,28.00510254145815,26.484152683740554,23.15768815621627
169,NYSE.BAX,40.1515549671226,99.9,9389,24.241133241026734,26.541697731387792,26.712109915858985,22.50505911172649
170,NYSE.BBT,4.08030388764631,95.0,10006,24.45532680391765,26.214271437137715,24.805116929842093,24.52528482910254
171,NYSE.BBY,2.185275551401635,85.0,10698,25.144886894746683,25.56552626659189,25.144886894746683,24.14469994391475
172,NYSE.BCR,138.37165871773036,99.9,7639,21.39023432386438,27.72614216520487,29.009032595889515,21.874590915041235
173,NYSE.BDX,72.49149547935689,99.9,11106,23.500810372771475,27.084458851071492,26.949396722492345,22.465334053664684
174,NYSE.BEN,11.740542769833542,99.9,9133,24.099419686849885,26.563013248658713,25.238147377641518,24.099419686849885
175,NYSE.BF.B,15.865848339280097,99.9,7368,23.832790445168296,25.977198697068403,26.343648208469055,23.846362649294246
176,NYSE.BHI,16.02954782345294,99.9,6519,23.439177788004294,26.138978370915783,26.338395459426295,24.08344838165363
177,NYSE.BK,5.636171593118837,97.5,9816,24.602689486552567,26.10024449877751,25.101874490627544,24.195191524042382
178,NYSE.BLK,48.720613488356484,99.9,8610,23.135888501742162,27.20092915214866,26.56213704994193,23.101045296167246
179,NYSE.BLL,43.108227523761265,99.9,8257,23.216664648177304,27.164829841346737,26.450284607000118,23.168220903475838
180,NYSE.BMY,16.543385913422185,99.9,10939,24.39893957400128,26.19983545113813,25.742755279275986,23.658469695584607
181,NYSE.BRK.B,0.9443631943530345,60.0,11886,24.80228840652869,25.33232374221773,25.113579000504792,24.75180885074878
182,NYSE.BSX,154.1100034990785,99.9,7721,21.266675301126796,28.88226913612226,28.182877865561455,21.668177697189485
183,NYSE.BWA,2.499376351699827,85.0,9665,25.452664252457318,25.721676151060528,25.06983962752199,23.755819968960164
184,NYSE.BXP,24.355564968911743,99.9,8239,22.709066634300278,26.156086903750452,26.544483553829345,24.590362908119918
185,NYSE.C,0.9582947785460825,60.0,11437,25.417504590364604,25.443735245256622,25.006557663723004,24.132202500655765
186,NYSE.CAG,46.179346708649184,99.9,8346,22.40594296669063,26.252096812844478,27.462257368799424,23.879702851665467
187,NYSE.CAH,25.683239317938376,99.9,10134,23.396487073218868,26.554174067495563,25.96210775606868,24.087231103216894
188,NYSE.CAT,0.21106383614318588,0,11856,24.966261808367072,25.11808367071525,25.092780026990553,24.822874493927124
189,NYSE.CB,37.68178242611944,99.9,10641,23.747768066911004,26.567051968799927,26.407292547692883,23.277887416596187
190,NYSE.CBG,1.2155385401436236,60.0,8678,24.91357455634939,25.95067988015672,24.648536529154182,24.48720903433971
191,NYSE.CBS,21.81562002755302,99.9,10551,23.44801440621742,26.130224623258457,26.13970239787698,24.28205857264714
192,NYSE.CCI,44.367787791448585,99.9,10893,24.13476544569907,26.347195446617093,26.833746442669604,22.68429266501423
193,NYSE.CCL,8.565531403664371,99.5,10285,24.55031599416626,26.076810889645113,25.367039377734564,24.00583373845406
194,NYSE.CF,15.090467533779934,99.9,10027,23.865562979954124,25.790366011768224,26.149396629101425,24.194674379176224
195,NYSE.CFG,8.091474507392332,99.5,10073,24.362156259307056,26.337734537873526,25.086865879082698,24.213243323736723
196,NYSE.CHD,19.225656681076657,99.9,8103,23.75663334567444,26.53338269776626,25.90398617795878,23.805997778600517
197,NYSE.CHK,388.45656504971623,99.9,7686,19.16471506635441,30.288836846213897,30.952380952380953,19.594067135050743
198,NYSE.CI,48.07886876456647,99.9,10715,24.37704153056463,27.708819412039198,25.636957536164257,22.277181521231917
199,NYSE.CL,21.438405797365853,99.9,10003,23.62291312606218,26.332100369889034,25.98220533839848,24.062781165650303
200,NYSE.CLX,19.248545127466357,99.9,8892,23.987854251012145,26.495726495726498,25.83220872694557,23.684210526315788
201,NYSE.CMA,18.285843935956333,99.9,10614,23.61032598454871,26.03165630299604,26.041077821744867,24.316939890710383
202,NYSE.CMG,39.88315960161206,99.9,11003,23.457238934835953,26.13832591111515,26.874488775788418,23.529946378260476
203,NYSE.CMI,34.161467464939825,99.9,11398,23.5304439375329,26.258992805755394,26.47832953149675,23.73223372521495
204,NYSE.CMS,20.751189782996313,99.9,8299,23.810097602120734,26.340522954572844,26.159778286540547,23.689601156765875
205,NYSE.CNC,15.882565659060129,99.9,10409,24.277067921990586,26.390623498895188,25.56441540974157,23.76789316937266
206,NYSE.CNP,147.16686213261826,99.9,7792,21.072895277207394,28.50359342915811,28.362422997946613,22.061088295687885
207,NYSE.COF,8.14269750157632,99.5,11169,23.959172710179963,25.776703375414094,25.570776255707763,24.693347658698183
208,NYSE.COG,17.503902157208927,99.9,9851,23.693026088721957,26.1191757182012,25.987209420363417,24.20058877271343
209,NYSE.COH,39.10707336405566,99.9,9959,23.606787830103425,27.10111456973592,26.03675067777889,23.255346922381765
210,NYSE.COL,30.469447766410084,99.9,10594,23.843685104776288,26.31678308476496,26.363979611100625,23.475552199358127
211,NYSE.COO,27.793190912936705,99.9,6078,23.95524843698585,26.52188219809148,26.850937808489633,22.671931556433037
212,NYSE.COP,10.699801575442207,99.5,11296,23.9199716713881,25.34525495750708,26.195113314447593,24.539660056657222
213,NYSE.COTY,89.80335984028316,99.9,7737,20.93834819697557,27.82732325190642,27.517125500840116,23.717203050277885
214,NYSE.CPB,28.502958142881393,99.9,8560,23.679906542056077,26.261682242990652,26.623831775700936,23.43457943925234
215,NYSE.CRM,22.037847015378855,99.9,11232,24.465811965811966,26.095085470085472,26.112891737891736,23.32621082621083
216,NYSE.CSRA,53.56191388971775,99.9,6129,22.90748898678414,27.639092837330725,27.035405449502363,22.41801272638277
217,NYSE.CTL,79.46382661651693,99.9,9879,22.208725579512095,28.039275230286464,26.45004555116915,23.30195363903229
218,NYSE.CVS,27.33603175339024,99.9,11395,24.370337867485738,26.58183413777973,25.862220272049147,23.18560772268539
219,NYSE.CVX,2.089234777438313,85.0,11972,25.267290344136317,24.85800200467758,24.482124958235886,25.392582692950217
220,NYSE.CXO,46.08884518587222,99.9,11341,22.7669517679217,26.664315316109686,26.514416718102463,24.05431619786615
221,NYSE.D,10.246269427864883,99.5,10254,24.702555100448606,25.316949483128536,26.26292178661986,23.717573629803006
222,NYSE.DAL,4.566499610627147,95.0,11178,24.074074074074073,25.95276435856146,25.05814993737699,24.915011629987475
223,NYSE.DD,3.1669189659261874,90.0,10684,24.53201048296518,25.552227630101086,25.30887308124298,24.60688880569075
224,NYSE.DE,18.104504478263788,99.9,11296,24.858356940509914,26.52266288951841,25.469192634560905,23.149787535410766
225,NYSE.DFS,7.082467583460818,99.0,10504,23.82901751713633,25.323686214775325,25.97105864432597,24.876237623762375
226,NYSE.DG,8.362489064699977,99.5,11003,24.63873489048441,25.874761428701266,25.5021357811506,23.984367899663727
227,NYSE.DGX,7.941662363549511,99.5,8830,24.733861834654586,25.843714609286522,25.651189127972817,23.77123442808607
228,NYSE.DHI,22.796066520412722,99.9,9517,24.230324682147735,26.121676999054323,26.321319743616684,23.326678575181255
229,NYSE.DHR,1.2157938572315383,60.0,9980,24.498997995991985,25.390781563126254,25.160320641282564,24.949899799599198
230,NYSE.DIS,8.31733205515755,99.5,11552,24.411357340720222,25.787742382271468,25.554016620498615,24.246883656509695
231,NYSE.DLPH,13.392589685500617,99.9,10594,24.447800641872757,26.5622050217104,25.22182367377761,23.76817066263923
232,NYSE.DLR,71.47954333491396,99.9,10317,23.000872346612386,26.810119220703694,27.35291266841136,22.83609576427256
233,NYSE.DOV,19.528129964823027,99.9,10040,23.456175298804784,26.195219123505975,26.005976095617527,24.34262948207171
234,NYSE.DOW,15.859764778154641,99.9,10881,23.738626964433415,26.00863891186472,25.898354930612992,24.35437919308887
235,NYSE.DPS,25.601900717718394,99.9,9348,23.801882755669663,26.79717586649551,25.82370560547711,23.577235772357724
236,NYSE.DRI,9.682554198692621,99.5,9897,24.71455996766697,26.119025967464886,25.44205314741841,23.724360917449733
237,NYSE.DTE,75.66342964429373,99.9,8894,22.73442770407016,26.590960197886215,28.030132673712615,22.64447942433101
238,NYSE.DUK,9.345000731585882,99.5,10538,24.293034731448092,25.52666540140444,25.963180869235146,24.21711899791232
239,NYSE.DVA,13.260041421232525,99.9,9361,24.64480290567247,25.937399850443327,25.937399850443327,23.48039739344087
240,NYSE.DVN,6.5766545876155424,97.5,10951,23.7969135238791,25.385809515112772,25.833257236782032,24.984019724226098
241,NYSE.DXC,9.521056853532375,99.5,9411,24.545744341727765,25.61895654021889,25.969610030815005,23.865689087238337
242,NYSE.ECL,29.488709645158668,99.9,9303,23.691282382027303,27.012791572610983,25.80887885628292,23.48704718907879
243,NYSE.ED,21.850319946467234,99.9,9672,23.82133995037221,25.909842845326715,26.468155500413566,23.80066170388751
244,NYSE.EFX,15.942967477655417,99.9,7253,24.072797463118707,25.534261684820077,26.816489728388255,23.57645112367296
245,NYSE.EIX,60.52742623501961,99.9,9736,22.7506162695152,27.403451109285125,26.54067378800329,23.305258833196383
246,NYSE.EL,33.30474167865336,99.9,10199,24.522011961957055,26.453573879792135,26.384939699970584,22.639474458280223
247,NYSE.EMN,19.669871123060357,99.9,9584,23.591402337228715,26.314691151919867,25.94949916527546,24.14440734557596
248,NYSE.EMR,4.725515086910981,95.0,10566,24.38955139125497,25.903842513723262,25.15616127200454,24.550444823017227
249,NYSE.EOG,9.848220996873328,99.5,11877,23.819146249052793,25.62094805085459,25.814599646375346,24.745306053717268
250,NYSE.EQR,70.8325528522047,99.9,8969,23.046047496933884,26.959527260564165,27.483554465380756,22.510870777121195
251,NYSE.EQT,4.926036108101758,95.0,11104,24.378602305475503,25.33321325648415,25.720461095100866,24.56772334293948
252,NYSE.ES,31.349047404773895,99.9,8727,23.639280394178986,26.423742408616935,26.572705397043656,23.36427180016042
253,NYSE.ESS,46.994898411067425,99.9,5938,23.223307510946448,27.568204782755135,26.87773661165376,22.33075109464466
254,NYSE.ETN,13.839144246068505,99.9,10745,24.54164727780363,26.13308515588646,25.65844578873895,23.666821777570963
255,NYSE.ETR,38.50716342905983,99.9,8919,23.489180401390293,26.090368875434468,27.20035878461711,23.220091938558134
256,NYSE.EVHC,20.506748634950128,99.9,9306,23.32903503116269,26.35933806146572,25.983236621534495,24.328390285837095
257,NYSE.EW,19.459262437770008,99.9,10594,23.83424579950916,26.080800453086656,26.061921842552387,24.023031904851802
258,NYSE.EXC,82.93629814943277,99.9,9007,22.271566559342734,26.81247918285778,27.989341623181968,22.92661263461752
259,NYSE.EXR,42.663935321617075,99.9,9089,23.566949059302452,26.29552205963252,27.131697656507868,23.00583122455716
260,NYSE.F,780.2514656617441,99.9,7431,16.955995155429957,33.84470461579868,32.36441932445162,16.83488090431974
261,NYSE.FBHS,22.566932851629186,99.9,7888,23.71957403651116,26.153651115618658,26.521298174442194,23.60547667342799
262,NYSE.FCX,44.04844989177577,99.9,8992,24.143683274021353,26.034252669039148,27.45774021352313,22.36432384341637
263,NYSE.FDX,46.96392209801694,99.9,11570,23.906655142610198,26.72428694900605,26.456352636127917,22.912705272255835
264,NYSE.FE,22.78300459530498,99.9,8869,23.339722629383246,26.124704025256513,26.40658473334085,24.128988612019395
265,NYSE.FIS,31.687866065887608,99.9,9287,24.173575966404652,26.607085172822227,26.305588456982882,22.913750403790246
266,NYSE.FL,8.235121040301301,99.5,10849,23.38464374596737,25.689003594801363,25.670568716010695,25.25578394322057
267,NYSE.FLR,42.63807864577537,99.9,9378,22.968650031989764,26.882064406056728,26.48752399232246,23.66176156963105
268,NYSE.FLS,38.642653243693886,99.9,8667,23.087573554863276,27.552786431291103,25.799007730471907,23.560632283373717
269,NYSE.FMC,41.957390192394115,99.9,9583,23.875613064802252,26.547010330794112,26.75571324219973,22.821663362203903
270,NYSE.FRT,40.09059473459854,99.9,7362,22.792719369736485,26.202118989405054,27.49252920402065,23.512632436837816
271,NYSE.FTI,4.663414102867166,95.0,9052,24.458683163941668,25.1767565178966,25.96111356606275,24.403446752098983
272,NYSE.FTV,92.8185731892939,99.9,8594,23.353502443565276,27.868280195485223,27.309750989062138,21.468466371887363
273,NYSE.GD,49.897217594089945,99.9,11098,23.544782843755634,26.536312849162012,26.81564245810056,23.1032618489818
274,NYSE.GE,151.46851549949662,99.9,9891,20.85734506116672,28.13668992012941,28.02547770700637,22.9804873116975
275,NYSE.GGP,51.41003288197251,99.9,8696,23.493560257589696,26.85142594296228,26.989420423183073,22.66559337626495
276,NYSE.GIS,40.17286625898571,99.9,10298,22.266459506700333,26.05360264128957,27.04408623033599,24.635851621674114
277,NYSE.GLW,43.47903700612068,99.9,8944,23.535330948121647,27.2025939177102,26.285778175313055,22.976296958855098
278,NYSE.GM,77.37440158935411,99.9,9969,22.78061992175745,28.077038820343063,26.34165914334437,22.80068211455512
279,NYSE.GPC,5.366274757299433,97.5,9261,24.198250728862973,25.850340136054424,25.35363351689882,24.597775618183782
280,NYSE.GPN,38.28269560748569,99.9,9148,23.360297332750328,26.366418889374728,26.869261040664625,23.40402273721032
281,NYSE.GPS,24.476570214667433,99.9,9326,23.80441775680892,26.54943169633283,26.013296161269565,23.63285438558868
282,NYSE.GS,20.017391408315238,99.9,12786,24.065384013765055,26.13796339746598,25.84076333489754,23.95588925387142
283,NYSE.GWW,16.248023425236884,99.9,10244,24.014057008980867,25.917610308473254,26.073799297149552,23.99453338539633
284,NYSE.HAL,9.513645570895001,99.5,11248,23.728662873399717,25.480085348506403,25.969061166429587,24.822190611664297
285,NYSE.HBI,59.773486469900945,99.9,9157,23.228131484110516,27.672818608714643,26.37326635360926,22.725783553565577
286,NYSE.HCA,19.504932189528734,99.9,10248,23.975409836065573,25.604996096799375,26.580796252927403,23.83879781420765
287,NYSE.HCN,66.23709264530876,99.9,10210,23.300685602350637,27.14985308521058,26.875612144955923,22.67384916748286
288,NYSE.HCP,91.53770154814362,99.9,8734,22.635676665903365,27.524616441493016,27.59331348752004,22.24639340508358
289,NYSE.HD,0.2127133026774194,0,11966,25.146247701821828,24.586327929132544,25.204746782550558,25.06267758649507
290,NYSE.HES,11.7437338892512,99.9,11259,23.812061461941557,25.694999555910826,25.91704414246381,24.57589483968381
291,NYSE.HIG,9.43696001397208,99.5,8871,25.284635328598803,25.803178897531282,25.803178897531282,23.10900687633863
292,NYSE.HOG,16.13364761933355,99.9,9545,23.373493975903614,26.09743321110529,25.950759559979048,24.57831325301205
293,NYSE.HON,44.3471374426153,99.9,11217,23.785325844700008,26.84318445217081,26.29936703218329,23.072122670945884
294,NYSE.HP,18.456514815873856,99.9,11278,22.681326476325587,25.944316368150382,26.0418513920908,25.332505763433232
295,NYSE.HPE,210.34562605825343,99.9,7246,21.28070659674303,29.671542920231854,28.84349986199282,20.204250621032294
296,NYSE.HPQ,164.24803959919598,99.9,7954,21.10887603721398,29.29343726426955,27.897912999748552,21.699773698767917
297,NYSE.HRB,63.4553515345062,99.9,8445,23.61160449970397,26.54825340438129,27.7797513321492,22.060390763765543
298,NYSE.HRL,63.22304962960212,99.9,7949,21.876965656057365,27.777078877846268,26.670021386337904,23.67593407975846
299,NYSE.HRS,18.271307154964536,99.9,8267,24.204669166565864,26.69650417321882,25.656223539373414,23.442603120841902
300,NYSE.HST,126.71825527283758,99.9,7801,22.394564799384696,29.034739136008202,27.342648378413024,21.228047686194078
301,NYSE.HSY,28.309131590129436,99.9,9427,23.66606555638061,26.03161132916092,26.71051235812029,23.591810756338177
302,NYSE.HUM,67.40117922856818,99.9,11051,23.165324405031217,26.884444846620216,27.020179169305948,22.93005157904262
303,NYSE.IBM,2.075041279942953,85.0,12093,25.212933101794427,25.287356321839084,25.361779541883735,24.137931034482758
304,NYSE.ICE,16.93859696594437,99.9,9585,24.00625978090767,25.905059989567032,26.197183098591548,23.89149713093375
305,NYSE.IFF,22.79243801524548,99.9,6344,23.171500630517023,26.371374527112234,26.62358133669609,23.833543505674655
306,NYSE.IP,10.460891641852113,99.5,10202,23.564007057439717,26.308566947657326,25.28915898843364,24.83826700646932
307,NYSE.IPG,115.60608458588462,99.9,7493,20.80608567996797,28.466568797544372,27.719204590951556,23.0081409315361
308,NYSE.IR,3.4181637634705346,90.0,10494,25.128644939965696,26.157804459691253,24.747474747474747,23.966075852868304
309,NYSE.IRM,4.624575655224741,95.0,7901,24.70573345146184,25.37653461587141,25.832173142640176,24.085558790026578
310,NYSE.IT,14.256292086797723,99.9,6736,24.836698337292162,25.578978622327792,26.707244655581945,22.8770783847981
311,NYSE.ITW,33.19812486740179,99.9,10720,23.796641791044777,27.024253731343283,25.76492537313433,23.41417910447761
312,NYSE.IVZ,9.44276774213606,99.5,9422,24.55954149862025,26.02419868393123,25.557206537890043,23.85905327955848
313,NYSE.JCI,13.775035050125958,99.9,9626,23.57157697901517,26.407645958861416,25.483066694369416,24.537710367754002
314,NYSE.JEC,19.88047760026443,99.9,8415,23.9572192513369,26.38146167557932,26.04872251931075,23.612596553773024
315,NYSE.JNJ,18.442010019101392,99.9,11513,24.181360201511335,26.292017719100148,25.710066880917225,23.816555198471292
316,NYSE.JNPR,129.4904486499738,99.9,8070,22.627013630731103,28.203221809169765,28.116480793060717,21.053283767038415
317,NYSE.JPM,11.268707188186152,99.9,11833,24.465477900785938,25.92749091523705,25.614806050874673,23.99222513310234
318,NYSE.JWN,31.714781013154617,99.9,10684,23.305877948333958,26.048296518157994,26.67540247098465,23.9704230625234
319,NYSE.K,54.26346584313529,99.9,9484,21.92113032475749,26.043863348797974,27.720371151412905,24.314635175031633
320,NYSE.KEY,103.99913765588539,99.9,8642,22.575792640592454,27.401064568386946,28.083776903494563,21.939365887526037
321,NYSE.KIM,84.27331686927165,99.9,8616,22.353760445682454,27.483751160631382,27.46053853296193,22.701949860724234
322,NYSE.KMB,33.83137400822648,99.9,10859,23.62095957270467,26.862510360069987,25.93240629892255,23.58412376830279
323,NYSE.KMI,90.33013788145351,99.9,9234,22.590426683993936,27.008880225254494,27.94022092267706,22.460472168074507
324,NYSE.KMX,5.452973302224437,97.5,10703,24.834158647108286,25.721760254134356,25.404092310567133,24.03998878819023
325,NYSE.KO,109.41556339451027,99.9,9295,22.926304464766005,26.89618074233459,28.53146853146853,21.646046261430875
326,NYSE.KORS,11.583622452582807,99.9,9349,24.302064391913575,25.992084714942777,25.767461760616108,23.938389132527544
327,NYSE.KR,118.33761752324997,99.9,9221,22.568051187506775,28.4025593753389,27.263854245743413,21.76553519141091
328,NYSE.KSS,19.961019231331072,99.9,10864,23.821796759941087,26.371502209131076,25.773195876288657,24.033505154639176
329,NYSE.KSU,29.88994303451689,99.9,10039,24.37493774280307,26.994720589700172,25.729654348042637,22.90068731945413
330,NYSE.L,37.05370878300236,99.9,6827,24.022264537864363,27.11293393877252,26.556320492163472,22.308481031199648
331,NYSE.LB,26.347756350597137,99.9,11029,23.63768247347901,26.140175899900264,26.303381992927736,23.91875963369299
332,NYSE.LEG,10.116056467345205,99.5,7322,23.83228626058454,26.003824091778206,25.853591914777386,24.310297732859876
333,NYSE.LEN,38.84620817286978,99.9,9321,23.84937238493724,26.434931874262418,26.788971140435574,22.926724600364768
334,NYSE.LH,18.059262459343593,99.9,8551,24.207695006431994,26.534908197871594,25.76306864694188,23.49432814875453
335,NYSE.LLL,32.52200896378159,99.9,7595,23.396971691902568,26.583278472679396,26.688610928242262,23.331138907175774
336,NYSE.LLY,47.22647807397013,99.9,10530,23.884140550807217,26.44824311490978,26.894586894586897,22.773029439696106
337,NYSE.LMT,105.04304417589917,99.9,11171,23.02390117267926,27.848894458866706,26.998478202488585,22.128726165965446
338,NYSE.LNC,48.38681426899062,99.9,10284,23.87203422792688,26.857253986775575,26.565538700894592,22.705173084402954
339,NYSE.LNT,64.98092326678722,99.9,7433,22.561549845284542,27.203013588053278,27.472083949952914,22.76335261670927
340,NYSE.LOW,0.557068281571352,50.0,11345,25.19171441163508,25.01542529748788,25.332745702952842,24.460114587924195
341,NYSE.LUK,51.86554983132197,99.9,7228,23.18760376314333,27.047592695074705,27.185943552850027,22.57885998893193
342,NYSE.LUV,0.7656386151490976,60.0,11257,24.80234520742649,25.397530425513015,25.015545882561963,24.784578484498535
343,NYSE.LVLT,90.77029731134165,99.9,8385,22.325581395348838,28.539057841383425,26.678592725104355,22.45676803816339
344,NYSE.LYB,14.370371134045847,99.9,11124,24.128011506652282,25.69219705142035,26.10571736785329,24.074074074074073
345,NYSE.M,29.62904124137331,99.9,10380,22.649325626204238,26.416184971098268,26.233140655105974,24.701348747591524
346,NYSE.MA,48.20989602514204,99.9,11263,24.078842226760187,26.99103258456894,26.271863624256415,22.658261564414452
347,NYSE.MAA,32.26959536782262,99.9,8404,24.428843407901,26.106615897191816,26.975249881009045,22.489290813898144
348,NYSE.MAC,23.05180066628602,99.9,9505,22.7669647553919,25.70226196738559,26.74381904260915,24.78695423461336
349,NYSE.MAS,13.222902912588797,99.9,8831,24.481938625297246,25.897406862190014,26.03329181293172,23.58736269958102
350,NYSE.MCD,18.237256603928085,99.9,11513,24.928341874402847,25.562407713020065,26.413619386780162,23.095631025796926
351,NYSE.MCK,6.603742941891369,97.5,11569,24.34955484484398,25.23122136744749,25.96594346961708,24.45328031809145
352,NYSE.MCO,18.716477691487906,99.9,8902,23.57897101774882,27.252302853291393,25.06178386879353,24.106942260166257
353,NYSE.MDT,9.548707212404105,99.5,10614,24.543056340682117,25.814961371773133,25.683060109289617,23.958922178255136
354,NYSE.MET,9.97919264002749,99.5,10581,24.468386730932803,26.03723655609111,25.498535110103017,23.995841602873075
355,NYSE.MHK,28.379623889064728,99.9,7133,23.987102201037434,26.678816767138652,26.468526566661993,22.865554465161924
356,NYSE.MKC,52.17925427444064,99.9,8204,23.293515358361773,27.059970745977573,26.92588980984885,22.7206240858118
357,NYSE.MLM,39.32886354876454,99.9,8287,23.289489561964523,26.535537588994814,26.909617473150714,23.26535537588995
358,NYSE.MMC,11.479064721614073,99.9,9199,24.230894662463314,25.720186976845312,26.046309381454506,24.00260897923687
359,NYSE.MMM,12.861848542902203,99.9,11588,24.611667241974455,26.27718329306179,25.388332758025545,23.722816706938215
360,NYSE.MNK,13.477939663532402,99.9,8233,24.19531155107494,25.907931495202234,26.114417587756588,23.782339365966234
361,NYSE.MO,26.38917563697028,99.9,10962,23.718299580368544,26.026272577996718,26.42765918627988,23.827768655354863
362,NYSE.MON,137.7621017163609,99.9,8192,22.05810546875,28.2470703125,28.23486328125,21.4599609375
363,NYSE.MOS,32.37494555420566,99.9,9497,22.522901969042856,25.58702748236285,27.324418237338104,24.565652311256187
364,NYSE.MPC,4.712091990945978,95.0,10769,24.728387036865076,25.471260098430683,25.57340514439595,24.226947720308292
365,NYSE.MRK,41.7448691440534,99.9,10635,22.877291960507755,26.393982134461684,26.732487070992008,23.996238834038554
366,NYSE.MRO,75.24147059913734,99.9,9668,22.476210177906495,26.55151013653289,27.865122052130744,23.10715763342987
367,NYSE.MS,1.2919093211010015,60.0,10732,24.767051807677973,25.521803950801342,25.027953783078644,24.68319045844204
368,NYSE.MSI,16.392389434804947,99.9,8673,24.051654560129137,26.150121065375302,26.02329067220108,23.774933702294476
369,NYSE.MTB,49.183015768879706,99.9,9134,22.695423691701336,27.260783884388,26.40683161813006,23.6369608057806
370,NYSE.MUR,7.814890288917926,99.0,7817,23.947806063707304,25.930663937571957,25.64922604579762,24.472303952923117
371,NYSE.NBL,10.181251144851313,99.5,10013,23.449515629681414,25.636672325976228,25.946269849196046,24.96754219514631
372,NYSE.NEE,56.85168290865798,99.9,11163,23.237480963898594,27.08053390665592,26.48929499238556,23.19269013705993
373,NYSE.NEM,38.17774997704038,99.9,10013,24.00878857485269,26.545490861879557,26.535503845001497,22.910216718266255
374,NYSE.NFX,15.974494179033766,99.9,10313,22.91282846892272,25.637544846310483,26.306603316202853,25.14302336856395
375,NYSE.NI,163.08753687571797,99.9,6916,21.023713128976286,28.947368421052634,28.73048004626952,21.29843840370156
376,NYSE.NKE,7.819463811681131,99.0,10885,24.777216352779057,25.484611851171334,25.85209003215434,23.88608176389527
377,NYSE.NLSN,32.07711260349726,99.9,8744,22.66697163769442,27.035681610247025,25.983531564501373,24.313815187557182
378,NYSE.NOC,53.82324764208482,99.9,9834,23.784828147244255,26.6422615415904,27.049013626194835,22.52389668497051
379,NYSE.NOV,16.88555612753821,99.9,10361,23.385773573979346,25.72145545796738,26.290898561914872,24.601872406138405
380,NYSE.NRG,35.562901880477085,99.9,8849,23.200361622782236,26.34195954345124,26.8278901570799,23.62978867668663
381,NYSE.NSC,40.855049706168145,99.9,11221,23.634257196328313,26.441493628018893,26.57517155333749,23.3490776223153
382,NYSE.NUE,38.14031288162785,99.9,11338,22.94937378726407,26.25683542070912,26.636091021344154,24.15769977068266
383,NYSE.NWL,28.859117812857885,99.9,9846,22.526914483038798,26.60979077798091,26.071501117204953,24.79179362177534
384,NYSE.O,77.50882895760049,99.9,10423,23.09315935910966,26.3551760529598,27.966996066391637,22.5846685215389
385,NYSE.OKE,7.99608132751677,99.5,10626,24.280067758328627,25.334086203651424,26.03990212685865,24.345943911161303
386,NYSE.OMC,26.681359171676625,99.9,10001,23.377662233776622,26.777322267773222,25.807419258074194,24.037596240375965
387,NYSE.ORCL,71.21188999205064,99.9,9511,23.15213962779939,27.515508358742508,26.8110608768794,22.521291136578697
388,NYSE.OXY,0.04466888931214954,0,11257,24.704628231322733,25.610731100648486,24.295993603979746,25.388647064049035
389,NYSE.PCG,59.62698751493256,99.9,9353,22.81620870308992,26.675932855768203,27.317438255105316,23.19042018603657
390,NYSE.PEG,36.01856698717347,99.9,8941,23.051112850911533,26.652499720389216,26.518286545129182,23.77810088357007
391,NYSE.PEP,27.067876709205205,99.9,11047,23.77115959083914,26.441567846474157,26.03421743459763,23.753055128089073
392,NYSE.PFE,153.7626394888975,99.9,9255,21.7720151269584,28.373851971907076,28.071312803889793,21.78282009724473
393,NYSE.PFG,27.262395308478585,99.9,8960,24.017857142857142,27.220982142857142,25.546875000000004,23.214285714285715
394,NYSE.PG,13.436618330908319,99.9,10877,24.675921669578006,25.742392203732646,26.009009837271307,23.572676289418037
395,NYSE.PGR,55.60595481547506,99.9,8307,23.4139882027206,27.230046948356808,26.856867701938125,22.49909714698447
396,NYSE.PH,11.60480871345819,99.9,10494,23.68972746331237,25.738517247951208,25.91957308938441,24.65218219935201
397,NYSE.PHM,59.83955518384396,99.9,8591,22.96589454079851,27.156326388080547,27.01664532650448,22.86113374461646
398,NYSE.PKI,4.42854090187622,95.0,6281,24.375099506448016,25.967202674733326,25.362203470784905,24.295494348033753
399,NYSE.PLD,20.574576550540833,99.9,9527,23.774535530597248,25.884328749868796,26.440642384801095,23.900493334732865
400,NYSE.PM,3.8789665059105896,95.0,11378,24.39796097732466,25.5053612234136,25.41747231499385,24.679205484267886
401,NYSE.PNC,16.14032604232928,99.9,11760,24.17517006802721,25.637755102040817,26.215986394557824,23.97108843537415
402,NYSE.PNR,37.59202413778278,99.9,8280,23.20048309178744,26.896135265700483,26.473429951690818,23.42995169082126
403,NYSE.PNW,39.254994363454465,99.9,8151,23.322291743344376,26.070420807262913,27.407680039258985,23.199607410133726
404,NYSE.PPG,16.6266995519209,99.9,9667,24.712940933071273,25.737043550222406,26.326678390400332,23.22333712630599
405,NYSE.PPL,91.64220399138986,99.9,8920,22.130044843049326,27.219730941704036,27.847533632286996,22.80269058295964
406,NYSE.PRGO,12.99614683764853,99.9,10236,23.944900351699882,25.302852676826888,26.484955060570535,24.267291910902696
407,NYSE.PRU,51.91290284203933,99.9,11202,23.25477593286913,27.289769683985003,26.120335654347436,23.335118728798427
408,NYSE.PSA,29.68492741084315,99.9,9736,23.664749383730484,26.047658175842237,26.715283483976993,23.57230895645029
409,NYSE.PSX,3.565975816409171,90.0,10899,24.74538948527388,25.369299935773924,25.53445270208276,24.35085787686944
410,NYSE.PVH,31.649827092529023,99.9,9868,24.057559789217674,26.276854479124445,26.550466153222533,23.115119578435348
411,NYSE.PWR,38.92900748893206,99.9,8754,23.360749371715787,26.39936029243774,26.936257710760795,23.303632625085672
412,NYSE.PX,7.955594509297606,99.5,10131,24.360872569341623,26.23630441220018,25.170269469943733,24.23255354851446
413,NYSE.PXD,65.92860552067388,99.9,12267,22.760251080133692,27.18676122931442,26.47754137115839,23.575446319393496
414,NYSE.RAI,72.68748825743444,99.9,5911,22.771104720013536,28.827609541532734,26.7298257486043,21.671459989849435
415,NYSE.RCL,24.667018674166904,99.9,10860,24.40147329650092,26.22467771639042,26.151012891344383,23.222836095764272
416,NYSE.REG,67.21627456165506,99.9,8916,23.115746971736204,26.940331987438316,27.40017945266936,22.543741588156124
417,NYSE.RF,148.12282598786948,99.9,7889,21.625047534541768,28.343262770946886,28.50804918240588,21.523640512105462
418,NYSE.RHI,17.52435955931547,99.9,8034,24.446104057754543,26.26338063231267,26.064227035100824,23.226288274831962
419,NYSE.RHT,26.736465265200422,99.9,10288,24.805598755832037,26.61353032659409,25.913685847589424,22.66718506998445
420,NYSE.RIG,75.52456104519509,99.9,6934,22.10845111047015,27.127199307758872,28.09345255263917,22.670897029131815
421,NYSE.RJF,31.907283866786504,99.9,8470,23.246753246753247,26.847697756788662,26.221959858323494,23.683589138134593
422,NYSE.RL,13.173312444242171,99.9,9952,23.92483922829582,26.0048231511254,25.813906752411576,24.256430868167204
423,NYSE.ROK,15.544592086657559,99.9,9685,24.615384615384617,25.627258647392875,26.370676303562206,23.386680433660302
424,NYSE.ROP,20.028185362703397,99.9,6656,23.001802884615387,26.412259615384613,26.322115384615387,24.263822115384613
425,NYSE.RRC,19.900311029319994,99.9,10443,22.6563248108781,25.88336684860672,26.266398544479557,25.193909796035623
426,NYSE.RSG,34.172990083759935,99.9,7535,23.689449236894493,26.728599867285997,26.635700066357,22.946250829462507
427,NYSE.RTN,63.97166170871687,99.9,11616,23.06301652892562,26.825068870523417,26.885330578512395,23.22658402203857
428,NYSE.SCG,16.053493163042923,99.9,8859,23.727282989050682,25.95101027203973,26.176769387064002,24.14493735184558
429,NYSE.SCHW,23.487570781845108,99.9,10259,24.086168242518763,26.542548006628326,25.850472755629205,23.520810995223705
430,NYSE.SEE,46.27881706734457,99.9,8225,21.945288753799392,27.45288753799392,26.273556231003038,24.328267477203646
431,NYSE.SHW,44.11097602341335,99.9,8894,22.925567798515853,26.83831796716888,26.680908477625366,23.555205756689904
432,NYSE.SIG,12.717315117557623,99.9,10227,24.102864965287964,25.579348782634202,26.185587171213452,24.13219908086438
433,NYSE.SJM,20.231078628783735,99.9,9535,22.59045621394861,25.862611431567906,26.40797063450446,25.138961719979026
434,NYSE.SLB,1.706086258830147,75.0,11573,23.831331547567615,25.403957487254818,25.18793744059449,25.57677352458308
435,NYSE.SLG,28.993025209434556,99.9,7853,23.25226028269451,26.448491022539155,26.588564879663824,23.71068381510251
436,NYSE.SNA,40.53509408908882,99.9,8826,23.702696578291413,27.06775436211194,26.319963743485157,22.90958531611149
437,NYSE.SO,39.1606910460964,99.9,9925,23.103274559193952,26.63979848866499,26.498740554156168,23.758186397984886
438,NYSE.SPG,16.083444593678294,99.9,11807,23.680867282120776,25.891420343863807,25.95070720758872,24.477005166426697
439,NYSE.SPGI,33.94659514324765,99.9,10313,24.86182488121788,26.762338795694756,26.07388732667507,22.301948996412296
440,NYSE.SRE,81.70171033666861,99.9,9843,22.523620847302652,26.94300518134715,27.613532459615968,22.919841511734226
441,NYSE.STI,0.37368763117806897,0,10593,24.837156612857548,25.29028603794959,25.007080147267065,24.8654772019258
442,NYSE.STT,26.37324036876486,99.9,10451,23.77762893503014,26.227155296143913,26.28456607023251,23.710649698593436
443,NYSE.STZ,38.173343362595475,99.9,10753,23.100530084627547,27.0064168139124,25.97414674974426,23.918906351715798
444,NYSE.SWK,9.400025212334336,99.5,9954,24.56298975286317,25.386779184247537,26.150291340164756,23.899939722724532
445,NYSE.SYF,32.02762020545642,99.9,9850,22.944162436548226,26.3756345177665,26.46700507614213,24.213197969543145
446,NYSE.SYK,39.642919794824635,99.9,10089,23.411636435722073,26.17702448210923,26.96005550599663,23.45128357617207
447,NYSE.SYY,12.303145694130215,99.9,9395,23.906333155934007,26.47152740819585,25.343267695582757,24.278871740287386
448,NYSE.T,54.47903154294328,99.9,10474,22.18827573037999,27.36299408058048,26.226847431735727,24.2218827573038
449,NYSE.TAP,24.66676461533036,99.9,9855,23.36884830035515,26.636225266362253,25.8650431253171,24.1298833079655
450,NYSE.TDG,15.766996665096483,99.9,7540,24.920424403183024,25.636604774535808,26.63129973474801,22.811671087533156
451,NYSE.TEL,36.92849470302492,99.9,9562,23.69797113574566,26.469357874921563,26.63668688558879,23.195984103743985
452,NYSE.TGT,3.580224147341155,90.0,11293,24.723279907907553,25.334277871247675,25.55565394492163,24.386788275923138
453,NYSE.TIF,29.799408859808782,99.9,10160,24.23228346456693,26.919291338582678,25.787401574803148,23.061023622047244
454,NYSE.TJX,0.10055574163191575,0,11138,24.34907523792422,25.15711977015622,24.986532591129468,25.507272400790086
455,NYSE.TMK,27.25145272024115,99.9,6189,22.92777508482792,27.75892712877686,25.5776377443852,23.735660042010018
456,NYSE.TMO,8.539283650408326,99.5,10912,24.917521994134898,25.375733137829915,26.017228739002935,23.68951612903226
457,NYSE.TRV,28.906813652784976,99.9,10276,23.803036200856365,25.807707279096924,26.84896847022188,23.540288049824834
458,NYSE.TSN,14.354758870513923,99.9,10066,23.87244188356845,26.00834492350487,25.879197297834295,24.24001589509239
459,NYSE.TSO,18.386416384748674,99.9,8854,23.785859498531735,26.54167607860854,25.739778631127173,23.93268579173255
460,NYSE.TSS,16.356056313387892,99.9,8265,24.258923169993952,25.02117362371446,27.223230490018146,23.49667271627344
461,NYSE.TWX,59.30254660491246,99.9,9197,23.029248668043927,27.389366097640533,26.6282483418506,22.953136892464933
462,NYSE.TXT,31.629971158448974,99.9,8474,23.54260089686099,26.835024781685156,26.221383054047674,23.400991267406184
463,NYSE.UA,64.84201462465693,99.9,10152,21.966115051221436,27.610323089046496,26.369188337273442,24.054373522458626
464,NYSE.UAA,60.463063472429326,99.9,10008,22.97162270183853,26.748601119104716,27.1382893685052,23.14148681055156
465,NYSE.UAL,22.525509352622286,99.9,11597,24.04932310080193,26.0670863154264,26.136069673191344,23.74752091058032
466,NYSE.UDR,81.00982575280959,99.9,7394,22.572355964295372,27.87395185285367,27.36002163916689,22.193670543684068
467,NYSE.UHS,24.765045079219345,99.9,8396,23.58265840876608,26.44116245831348,26.27441638875655,23.701762744163887
468,NYSE.UNH,19.22514794746485,99.9,12074,24.606592678482688,25.931754182540995,26.055988073546466,23.405665065429847
469,NYSE.UNM,18.60456429581287,99.9,8440,24.09952606635071,26.14928909952607,26.19668246445498,23.554502369668246
470,NYSE.UNP,4.868819870738436,95.0,11440,24.405594405594407,25.445804195804193,25.585664335664337,24.562937062937063
471,NYSE.UPS,21.993485773405812,99.9,11039,24.66708941027267,26.614729595072017,25.60920373222212,23.108977262433193
472,NYSE.URI,38.54067068301134,99.9,11776,22.978940217391305,26.2992527173913,26.554008152173914,24.167798913043477
473,NYSE.USB,8.985516745685603,99.5,10338,24.714644999032696,25.59489262913523,25.875411104662412,23.815051267169665
474,NYSE.UTX,17.98484007890948,99.9,11022,23.398657230992562,26.31101433496643,25.70313917619307,24.587189257847943
475,NYSE.V,5.626688367966735,97.5,11314,25.154675623121797,25.578928760827296,25.525897118614104,23.740498497436803
476,NYSE.VAR,27.28629425163505,99.9,8361,23.74117928477455,27.113981581150583,25.750508312402822,23.39433082167205
477,NYSE.VFC,38.27579874643689,99.9,10300,23.941747572815533,27.048543689320386,26.0,23.009708737864077
478,NYSE.VLO,7.290758665615417,99.0,11249,24.944439505733843,25.44226153435861,25.82451773490977,23.788781224997777
479,NYSE.VMC,21.825634605615207,99.9,10363,23.487407121489916,26.141078838174277,26.150728553507673,24.220785486828138
480,NYSE.VNO,57.272737186398224,99.9,9256,23.18496110630942,26.955488331892823,26.977095937770095,22.882454624027655
481,NYSE.VTR,49.789273405232656,99.9,9945,24.032176973353444,26.69683257918552,26.827551533433887,22.44343891402715
482,NYSE.VZ,79.47507680454568,99.9,11018,22.26356870575422,27.237248139408244,27.001270648030495,23.497912506807044
483,NYSE.WAT,27.604772081635108,99.9,7729,24.091085522059775,26.75637210505887,26.22590244533575,22.926639927545608
484,NYSE.WEC,12.60824258544978,99.9,9052,24.326115775519224,25.58550596553248,26.281484754750334,23.80689350419797
485,NYSE.WFC,8.338623625860706,99.5,11171,24.402470683018528,26.336048697520365,25.038044937785337,24.223435681675767
486,NYSE.WHR,14.034331385974559,99.9,9401,23.593234762259335,26.348260823316664,25.58238485267525,24.47611956174875
487,NYSE.WM,61.81698197118625,99.9,9266,24.28232246924239,26.991150442477874,27.055903302395855,21.670623785883876
488,NYSE.WMB,32.25653437628802,99.9,9551,23.44257145848602,25.71458486022406,27.20134017380379,23.641503507486128
489,NYSE.WMT,17.80728241690147,99.9,10973,24.47826483186002,26.082201767975942,25.927276041192016,23.512257358972022
490,NYSE.WRK,17.090058799557994,99.9,9119,23.664875534598092,26.450268669810285,25.71553898453778,24.169316811053843
491,NYSE.WU,343.2071400975356,99.9,6411,18.967399781625332,31.757916081734518,29.82374044610825,19.4509436905319
492,NYSE.WY,48.418303315000216,99.9,9143,22.880892486054904,26.862080279995627,26.77458164716176,23.482445586787705
493,NYSE.WYN,12.876902916061148,99.9,9459,24.262607040913416,26.11269690242097,25.732106988053705,23.892589068611905
494,NYSE.XEC,93.68105908326321,99.9,11208,21.877230549607425,27.72127052105639,26.837972876516776,23.563526052819412
495,NYSE.XEL,61.368672463628066,99.9,8665,22.642815926139644,27.01673398730525,27.18984420080785,23.150605885747257
496,NYSE.XL,13.271696299650104,99.9,7483,25.37752238407056,25.88534010423627,26.179339836963784,22.55779767472939
497,NYSE.XOM,16.493170304105536,99.9,11577,23.93538913362702,26.094843223633063,25.79251965103222,24.177247991707695
498,NYSE.XRX,309.58303672691534,99.9,6644,19.29560505719446,30.644190246839255,30.147501505117397,19.912703190848884
499,NYSE.XYL,13.512686940020018,99.9,8216,24.829600778967865,26.630963972736126,25.389483933787734,23.14995131450828
500,NYSE.YUM,0.0067967478760202725,0,9592,25.71934945788157,25.01042535446205,25.0208507089241,24.24937447873228
501,NYSE.ZBH,21.88472726186325,99.9,10233,23.56102804651617,25.98455975764683,26.326590442685426,24.12782175315157
502,NYSE.ZTS,49.16759135184632,99.9,9673,24.025638374857852,26.858265274475347,26.692856404424685,22.42323994624212
